<?xml version="1.0" encoding="UTF-8"?>
<project-private xmlns="http://www.netbeans.org/ns/project-private/1">
    <editor-bookmarks xmlns="http://www.netbeans.org/ns/editor-bookmarks/2" lastBookmarkId="0"/>
    <open-files xmlns="http://www.netbeans.org/ns/projectui-open-files/2">
        <group>
            <file>file:/C:/xampp/htdocs/lang/application/views/teacher/pupils.php</file>
            <file>file:/C:/xampp/htdocs/lang/application/views/pages/home.php</file>
            <file>file:/C:/xampp/htdocs/lang/application/views/templates/header.php</file>
            <file>file:/C:/xampp/htdocs/lang/application/models/Teacher_model.php</file>
            <file>file:/C:/xampp/htdocs/lang/application/views/teacher/classes.php</file>
            <file>file:/C:/xampp/htdocs/lang/application/controllers/Teacher.php</file>
        </group>
    </open-files>
</project-private>
